{
  "roc_auc": 1.0,
  "pr_auc": 0.9999999999999999,
  "rows": 28462,
  "fraud_rate": 0.0010540369615627855
}