{
  "rows": 142503,
  "score_quantiles": {
    "p50": 0.0,
    "p90": 0.005,
    "p99": 0.035
  },
  "score_mean": 0.003446243236984485,
  "score_std": 0.04009611932484259,
  "action_rate": {
    "PASS": 0.997761450636127,
    "BLOCK": 0.0019789057072482686,
    "REVIEW": 0.00025964365662477283
  },
  "approval_proxy_pass_rate": 0.997761450636127
}